team,player,side,status,injury
Argentina,Cristian Romero,def,doubtful,esguince/MCL parcial
Argentina,Nahuel Molina,def,doubtful,sobrecarga muscular muslo
Argentina,Lionel Messi,att,doubtful,sobrecarga isquiotibial
Argentina,Leonardo Balerdi,def,out,lesion muscular soleo
Belgium,Kevin De Bruyne,mid,doubtful,molestia (auto)
Egypt,Mohamed Salah,att,doubtful,rodilla
England,Reece James,def,doubtful,isquiotibial
England,Declan Rice,mid,doubtful,espalda/isquiotibial
England,Jude Bellingham,mid,doubtful,molestia (auto)
England,Tino Livramento,def,out,gemelo/muslo
France,William Saliba,def,doubtful,espalda
France,Desire Doue,att,doubtful,molestia (auto)
France,Hugo Ekitiké,att,out,rotura tendon de Aquiles
Morocco,Abde Ezzalzouli,att,doubtful,(auto)
Portugal,Bruno Fernandes,mid,doubtful,molestia (auto)
Portugal,Cristiano Ronaldo,att,doubtful,molestia (auto)
Spain,Nico Williams,att,doubtful,problema ingle
Spain,Yeremy Pino,att,doubtful,clavicula
Spain,Lamine Yamal,att,doubtful,isquiotibial parcial
Spain,Mikel Merino,mid,doubtful,fractura por estres
Spain,Fermín López,mid,out,fractura metatarsiano
United States,Chris Richards,def,doubtful,ligamentos tobillo
United States,Auston Trusty,def,doubtful,tobillo
United States,Christian Pulisic,att,doubtful,gemelo
United States,Patrick Agyemang,att,out,tendon de Aquiles
United States,Johnny Cardoso,mid,out,esguince tobillo (cirugia)
