stage,home,away,hs,as,penHome,penAway,winner,dur,status
LAST_32,South Africa,Canada,0,1,,,Canada,REGULAR,FINISHED
LAST_32,Brazil,Japan,2,1,,,Brazil,REGULAR,FINISHED
LAST_32,Germany,Paraguay,1,1,3,4,Paraguay,PENALTY_SHOOTOUT,FINISHED
LAST_32,Netherlands,Morocco,1,1,2,3,Morocco,PENALTY_SHOOTOUT,FINISHED
LAST_32,Ivory Coast,Norway,1,2,,,Norway,REGULAR,FINISHED
LAST_32,France,Sweden,3,0,,,France,REGULAR,FINISHED
LAST_32,Mexico,Ecuador,2,0,,,Mexico,REGULAR,FINISHED
LAST_32,England,DR Congo,2,1,,,England,REGULAR,FINISHED
LAST_32,Belgium,Senegal,3,2,,,Belgium,EXTRA_TIME,FINISHED
LAST_32,United States,Bosnia and Herzegovina,2,0,,,United States,REGULAR,FINISHED
LAST_32,Spain,Austria,3,0,,,Spain,REGULAR,FINISHED
LAST_32,Portugal,Croatia,2,1,,,Portugal,REGULAR,FINISHED
LAST_32,Switzerland,Algeria,2,0,,,Switzerland,REGULAR,FINISHED
LAST_32,Australia,Egypt,1,1,2,4,Egypt,PENALTY_SHOOTOUT,FINISHED
LAST_32,Argentina,Cape Verde,3,2,,,Argentina,EXTRA_TIME,FINISHED
LAST_32,Colombia,Ghana,1,0,,,Colombia,REGULAR,FINISHED
LAST_16,Canada,Morocco,0,3,,,Morocco,REGULAR,FINISHED
LAST_16,Paraguay,France,0,1,,,France,REGULAR,FINISHED
LAST_16,Brazil,Norway,1,2,,,Norway,REGULAR,FINISHED
LAST_16,Mexico,England,2,3,,,England,REGULAR,FINISHED
LAST_16,Portugal,Spain,0,1,,,Spain,REGULAR,FINISHED
LAST_16,United States,Belgium,1,4,,,Belgium,REGULAR,FINISHED
LAST_16,Argentina,Egypt,3,2,,,Argentina,REGULAR,FINISHED
LAST_16,Switzerland,Colombia,0,0,4,3,Switzerland,PENALTY_SHOOTOUT,FINISHED
QUARTER_FINALS,France,Morocco,2,0,,,France,REGULAR,FINISHED
QUARTER_FINALS,Spain,Belgium,,,,,,REGULAR,TIMED
QUARTER_FINALS,Norway,England,,,,,,REGULAR,TIMED
QUARTER_FINALS,Argentina,Switzerland,,,,,,REGULAR,TIMED
