player,team,goals,assists,penalties
Kylian Mbappé,France,7,2,1
Erling Haaland,Norway,7,0,0
Lionel Messi,Argentina,7,0,0
Harry Kane,England,6,1,2
Julián Quiñones,Mexico,4,1,0
Vinicius Junior,Brazil,4,1,0
Jude Bellingham,England,4,1,0
Mikel Oyarzabal,Spain,4,1,0
Ousmane Dembélé,France,4,2,0
Ismaïla Sarr,Senegal,4,1,0
Raúl Jiménez,Mexico,3,0,1
Folarin Balogun,United States,3,0,0
Ismael Saibari,Morocco,3,0,0
Kai Havertz,Germany,3,0,1
Deniz Undav,Germany,3,2,0
Elijah Just,New Zealand,3,0,0
Yoane Wissa,DR Congo,3,0,1
Johan Manzambi,Switzerland,3,2,0
Jonathan David,Canada,3,0,0
Matheus Cunha,Brazil,3,0,0
Brian Brobbey,Netherlands,3,0,0
Cody Gakpo,Netherlands,3,1,0
Cristiano Ronaldo,Portugal,3,0,1
Cyle Larin,Canada,2,0,0
Breel Embolo,Switzerland,2,2,1
Crysencio Summerville,Netherlands,2,2,0
Daichi Kamada,Japan,2,0,0
Amad Diallo,Ivory Coast,2,0,0
Yasin Ayari,Sweden,2,0,0
Emam Ashour,Egypt,2,0,0
