team,attack,attack_mult,defense,n_xi
France,6.052,1.45,0.72,11
Germany,5.812,1.45,1.27,11
Netherlands,5.283,1.45,1.27,11
Senegal,5.267,1.45,1.77,11
England,5.128,1.45,1.13,11
Argentina,4.81,1.45,1.13,11
Spain,4.418,1.45,0.58,11
Brazil,4.362,1.45,1.02,11
Mexico,4.217,1.45,0.91,11
Norway,4.207,1.45,1.58,11
Sweden,3.992,1.45,1.9,11
Japan,3.85,1.431,1.27,11
Belgium,3.58,1.331,1.13,11
Egypt,3.36,1.249,1.36,11
New Zealand,3.267,1.214,2.17,11
Croatia,3.179,1.182,1.52,11
Colombia,3.008,1.118,0.69,11
United States,2.872,1.068,1.47,11
Iran,2.608,0.969,1.17,11
Portugal,2.577,0.958,0.91,11
Morocco,2.436,0.906,1.12,11
Algeria,2.421,0.9,1.77,11
DR Congo,2.383,0.886,1.27,11
Switzerland,2.35,0.874,0.91,11
Tunisia,2.317,0.861,2.46,11
Uruguay,2.3,0.855,1.31,11
Turkey,2.292,0.852,1.46,11
Canada,2.235,0.831,1.24,11
Czech Republic,2.158,0.802,1.6,11
Ecuador,2.158,0.802,1.15,11
Ivory Coast,1.996,0.742,1.15,11
Cape Verde,1.983,0.737,1.27,11
South Korea,1.833,0.7,1.17,11
Jordan,1.717,0.7,1.89,11
South Africa,1.708,0.7,1.15,11
Austria,1.663,0.7,1.77,11
Uzbekistan,1.467,0.7,2.31,11
Australia,1.429,0.7,1.02,11
Paraguay,1.397,0.7,1.24,11
Haiti,1.358,0.7,1.89,11
Qatar,1.267,0.7,2.17,11
Curaçao,1.167,0.7,2.03,11
Ghana,1.158,0.7,1.02,11
Scotland,1.067,0.7,1.31,11
Bosnia and Herzegovina,1.054,0.7,1.65,11
Saudi Arabia,0.833,0.7,1.46,11
Iraq,0.608,0.7,2.46,11
Panama,0.525,0.7,1.31,11
