city,date,altitude,tmax,tmin,rain_mm
Mexico City,2026-07-10,2240,24.3,12.6,6.7
Mexico City,2026-07-11,2240,23.6,14.1,10.0
Mexico City,2026-07-12,2240,22.9,14.7,12.4
Mexico City,2026-07-13,2240,21.8,14.2,6.1
Mexico City,2026-07-14,2240,23.2,12.2,2.6
Mexico City,2026-07-15,2240,22.8,12.6,4.9
Mexico City,2026-07-16,2240,21.6,12.2,10.7
Mexico City,2026-07-17,2240,21.4,13.5,9.5
Mexico City,2026-07-18,2240,21.0,13.7,9.9
Mexico City,2026-07-19,2240,21.6,12.2,1.4
Zapopan,2026-07-10,1560,25.4,17.6,1.4
Zapopan,2026-07-11,1560,27.7,16.6,3.9
Zapopan,2026-07-12,1560,27.0,16.4,7.4
Zapopan,2026-07-13,1560,25.8,16.8,6.2
Zapopan,2026-07-14,1560,25.8,16.5,6.7
Zapopan,2026-07-15,1560,25.6,15.4,10.1
Zapopan,2026-07-16,1560,22.9,16.0,10.8
Zapopan,2026-07-17,1560,23.2,15.9,10.8
Zapopan,2026-07-18,1560,23.0,16.6,8.4
Zapopan,2026-07-19,1560,22.7,16.6,23.0
Guadalupe,2026-07-10,540,32.0,21.9,0.0
Guadalupe,2026-07-11,540,35.6,23.8,2.5
Guadalupe,2026-07-12,540,35.6,23.0,0.0
Guadalupe,2026-07-13,540,36.1,23.4,0.0
Guadalupe,2026-07-14,540,36.0,23.5,0.0
Guadalupe,2026-07-15,540,35.5,23.6,0.0
Guadalupe,2026-07-16,540,35.5,23.4,0.0
Guadalupe,2026-07-17,540,30.5,22.8,0.0
Guadalupe,2026-07-18,540,34.5,22.1,0.0
Guadalupe,2026-07-19,540,35.5,23.1,0.0
Inglewood,2026-07-10,30,26.0,18.0,0.0
Inglewood,2026-07-11,30,26.8,17.6,0.0
Inglewood,2026-07-12,30,24.6,17.8,0.0
Inglewood,2026-07-13,30,24.7,20.3,0.0
Inglewood,2026-07-14,30,25.5,20.3,0.0
Inglewood,2026-07-15,30,27.4,22.1,0.0
Inglewood,2026-07-16,30,29.1,22.3,0.0
Inglewood,2026-07-17,30,26.6,22.1,0.0
Inglewood,2026-07-18,30,29.6,22.1,0.0
Inglewood,2026-07-19,30,28.0,23.1,0.0
Santa Clara,2026-07-10,11,20.4,13.3,0.0
Santa Clara,2026-07-11,11,23.7,10.3,0.0
Santa Clara,2026-07-12,11,32.8,15.1,0.0
Santa Clara,2026-07-13,11,32.3,19.5,0.0
Santa Clara,2026-07-14,11,33.9,19.7,0.0
Santa Clara,2026-07-15,11,32.1,19.0,0.0
Santa Clara,2026-07-16,11,29.8,17.4,0.0
Santa Clara,2026-07-17,11,27.2,15.5,0.0
Santa Clara,2026-07-18,11,29.8,16.3,0.0
Santa Clara,2026-07-19,11,32.7,18.8,0.0
Seattle,2026-07-10,56,24.9,14.3,0.0
Seattle,2026-07-11,56,20.0,12.0,0.0
Seattle,2026-07-12,56,24.2,11.2,0.0
Seattle,2026-07-13,56,25.4,9.5,0.0
Seattle,2026-07-14,56,29.4,11.6,0.0
Seattle,2026-07-15,56,29.2,11.4,0.0
Seattle,2026-07-16,56,27.7,11.9,0.0
Seattle,2026-07-17,56,30.0,13.2,0.0
Seattle,2026-07-18,56,29.3,12.1,0.0
Seattle,2026-07-19,56,25.4,10.9,0.0
Foxborough,2026-07-10,90,29.9,21.9,0.0
Foxborough,2026-07-11,90,27.8,20.2,0.0
Foxborough,2026-07-12,90,25.7,14.6,0.0
Foxborough,2026-07-13,90,29.3,13.1,0.0
Foxborough,2026-07-14,90,35.2,19.2,0.0
Foxborough,2026-07-15,90,36.2,23.4,0.0
Foxborough,2026-07-16,90,30.6,18.3,0.0
Foxborough,2026-07-17,90,28.1,16.5,0.0
Foxborough,2026-07-18,90,28.4,13.3,0.0
Foxborough,2026-07-19,90,22.2,13.8,0.6
East Rutherford,2026-07-10,5,31.7,22.8,0.0
East Rutherford,2026-07-11,5,27.2,18.4,35.0
East Rutherford,2026-07-12,5,30.7,16.9,0.0
East Rutherford,2026-07-13,5,30.4,20.8,0.0
East Rutherford,2026-07-14,5,36.8,22.2,0.0
East Rutherford,2026-07-15,5,39.0,25.1,0.0
East Rutherford,2026-07-16,5,33.7,25.9,0.0
East Rutherford,2026-07-17,5,31.6,23.8,0.0
East Rutherford,2026-07-18,5,30.2,20.0,0.0
East Rutherford,2026-07-19,5,25.2,17.0,6.9
Philadelphia,2026-07-10,12,29.3,22.8,0.0
Philadelphia,2026-07-11,12,28.6,18.7,0.4
Philadelphia,2026-07-12,12,31.4,17.2,0.0
Philadelphia,2026-07-13,12,32.0,19.8,0.0
Philadelphia,2026-07-14,12,34.4,20.8,0.0
Philadelphia,2026-07-15,12,36.4,24.1,0.0
Philadelphia,2026-07-16,12,35.0,27.1,0.0
Philadelphia,2026-07-17,12,33.4,24.8,0.0
Philadelphia,2026-07-18,12,34.4,21.2,0.0
Philadelphia,2026-07-19,12,24.4,18.0,6.0
Miami Gardens,2026-07-10,3,34.1,28.1,0.0
Miami Gardens,2026-07-11,3,32.8,22.7,1.1
Miami Gardens,2026-07-12,3,35.6,23.3,0.1
Miami Gardens,2026-07-13,3,35.4,29.1,1.0
Miami Gardens,2026-07-14,3,35.3,29.2,0.1
Miami Gardens,2026-07-15,3,35.9,29.2,0.2
Miami Gardens,2026-07-16,3,35.8,28.7,0.0
Miami Gardens,2026-07-17,3,34.4,28.9,0.0
Miami Gardens,2026-07-18,3,33.7,29.2,0.0
Miami Gardens,2026-07-19,3,33.7,29.1,0.3
Atlanta,2026-07-10,320,33.0,22.1,0.0
Atlanta,2026-07-11,320,31.6,24.0,0.8
Atlanta,2026-07-12,320,33.8,22.5,0.33
Atlanta,2026-07-13,320,29.8,22.7,10.0
Atlanta,2026-07-14,320,30.6,21.3,0.6
Atlanta,2026-07-15,320,34.8,23.1,0.0
Atlanta,2026-07-16,320,37.2,25.3,0.0
Atlanta,2026-07-17,320,36.8,25.2,0.9
Atlanta,2026-07-18,320,35.7,23.1,1.8
Atlanta,2026-07-19,320,34.8,23.1,0.3
Arlington,2026-07-10,160,36.5,26.7,0.0
Arlington,2026-07-11,160,36.3,26.3,0.0
Arlington,2026-07-12,160,38.8,27.0,2.7
Arlington,2026-07-13,160,37.6,24.7,16.4
Arlington,2026-07-14,160,31.8,24.1,11.3
Arlington,2026-07-15,160,32.4,25.1,0.0
Arlington,2026-07-16,160,36.9,25.3,0.0
Arlington,2026-07-17,160,38.8,26.8,0.0
Arlington,2026-07-18,160,38.5,27.5,0.0
Arlington,2026-07-19,160,39.8,28.6,0.0
Houston,2026-07-10,15,34.8,26.1,0.0
Houston,2026-07-11,15,32.4,24.8,0.0
Houston,2026-07-12,15,36.1,25.5,0.0
Houston,2026-07-13,15,34.9,26.6,6.0
Houston,2026-07-14,15,32.4,25.5,4.7
Houston,2026-07-15,15,35.6,25.7,0.6
Houston,2026-07-16,15,37.5,26.0,0.0
Houston,2026-07-17,15,35.6,26.3,0.0
Houston,2026-07-18,15,38.3,26.1,0.0
Houston,2026-07-19,15,38.4,26.6,0.0
Kansas City,2026-07-10,270,31.3,22.5,27.4
Kansas City,2026-07-11,270,31.3,20.6,0.0
Kansas City,2026-07-12,270,28.9,20.3,0.0
Kansas City,2026-07-13,270,28.0,17.2,0.0
Kansas City,2026-07-14,270,28.6,16.5,2.3
Kansas City,2026-07-15,270,29.9,20.4,2.1
Kansas City,2026-07-16,270,31.5,20.5,0.0
Kansas City,2026-07-17,270,34.1,21.8,0.0
Kansas City,2026-07-18,270,36.1,25.0,0.0
Kansas City,2026-07-19,270,37.3,25.9,0.0
Toronto,2026-07-10,76,23.9,19.0,0.0
Toronto,2026-07-11,76,24.2,18.2,0.0
Toronto,2026-07-12,76,26.9,15.8,0.0
Toronto,2026-07-13,76,31.8,18.2,0.0
Toronto,2026-07-14,76,34.1,22.6,0.0
Toronto,2026-07-15,76,33.4,23.6,0.0
Toronto,2026-07-16,76,30.7,20.0,0.0
Toronto,2026-07-17,76,28.3,18.4,0.0
Toronto,2026-07-18,76,27.0,18.6,0.0
Toronto,2026-07-19,76,23.1,18.7,0.0
Vancouver,2026-07-10,4,23.3,15.4,0.0
Vancouver,2026-07-11,4,19.1,12.7,1.1
Vancouver,2026-07-12,4,19.8,11.7,1.18
Vancouver,2026-07-13,4,22.7,12.3,0.0
Vancouver,2026-07-14,4,22.1,14.3,0.0
Vancouver,2026-07-15,4,21.7,14.0,0.0
Vancouver,2026-07-16,4,22.2,14.9,0.0
Vancouver,2026-07-17,4,22.7,14.8,0.0
Vancouver,2026-07-18,4,23.3,15.2,0.0
Vancouver,2026-07-19,4,19.7,12.7,0.0
